[
  {
    "label": "India’s first-ever national police museum will establish in which city?",
    "choices": [
      {
        "value": "(A) Chennai",
        "correct": false
      },
      {
        "value": "(B) Delhi ",
        "correct": true
      },
      {
        "value": "(C) Nagpur ",
        "correct": false
      },
      {
        "value": "(D) Kolkata",
        "correct": false
      }
    ]
  },
  {
    "label": "Which country will host the 45th G7 summit 2019?",
    "choices": [
      {
        "value": "(A) Italy",
        "correct": false
      },
      {
        "value": "(B) Germany ",
        "correct": false
      },
      {
        "value": "(C) France ",
        "correct": true
      },
      {
        "value": "(D) Canada",
        "correct": false
      }
    ]
  },
  {
    "label": "Which country’s women cricket team has clinched the Asia Cup Twenty-20 tournament 2018?",
    "choices": [
      {
        "value": "(A) SouthKorea ",
        "correct": false
      },
      {
        "value": "(B) Bangladesh",
        "correct": true
      },
      {
        "value": "(C) India",
        "correct": false
      },
      {
        "value": "(D) Pakistan",
        "correct": false
      }
    ]
  },
  {
    "label": "Who has won the men’s singles French Open tennis tournament 2018?",
    "choices": [
      {
        "value": "(A) NovakDjokovic ",
        "correct": false
      },
      {
        "value": "(B) Dominic Thiem ",
        "correct": false
      },
      {
        "value": "(C) Roger Federer ",
        "correct": false
      },
      {
        "value": "(D) Rafael Nadal",
        "correct": true
      }
    ]
  },
  {
    "label": "Which country’s football team has lifted the 2018 Intercontinental Cup football title?",
    "choices": [
      {
        "value": "(A) India ",
        "correct": true
      },
      {
        "value": "(B) SriLanka ",
        "correct": false
      },
      {
        "value": "(C) Kenya ",
        "correct": false
      },
      {
        "value": "(D) Argentina",
        "correct": false
      }
    ]
  },
  {
    "label": "Which of the following personalities from India is the only winner of Special Oscar in the history of Indian Cinema so far?",
    "choices": [
      {
        "value": "(A) Mrinal Sen",
        "correct": false
      },
      {
        "value": "(B) Shyam Bengal",
        "correct": false
      },
      {
        "value": "(C) Satyajit Ray",
        "correct": true
      },
      {
        "value": "(D) Mira Nair",
        "correct": false
      }
    ]
  },
  {
    "label": "Who wrote Arthashastra?",
    "choices": [
      {
        "value": "(A) Kalhan",
        "correct": false
      },
      {
        "value": "(B) Visakhadatta",
        "correct": false
      },
      {
        "value": "(C) Bana Bhatta",
        "correct": false
      },
      {
        "value": "(D) Chanakya",
        "correct": true
      }
    ]
  },
  {
    "label": "H.J. Kania was the first...",
    "choices": [
      {
        "value": "(A) Chief Justice of the Supreme Court of India",
        "correct": true
      },
      {
        "value": "(B) Attorney-General of India",
        "correct": false
      },
      {
        "value": "(C) Solicitor-General of India",
        "correct": false
      },
      {
        "value": "(D) None of them",
        "correct": false
      }
    ]
  },
  {
    "label": "Which is the world’s largest dry desert?",
    "choices": [
      {
        "value": "(A) Sahara",
        "correct": true
      },
      {
        "value": "(B) Thar of Desert",
        "correct": false
      },
      {
        "value": "(C) Black Rock Desert",
        "correct": false
      },
      {
        "value": "(D) Gobi Desert",
        "correct": false
      }
    ]
  },
  {
    "label": "What is the best conductor of electricity?",
    "choices": [
      {
        "value": "(A) Salt water",
        "correct": true
      },
      {
        "value": "(B) Green water",
        "correct": false
      },
      {
        "value": "(C) Cold water",
        "correct": false
      },
      {
        "value": "(D) Sweet water",
        "correct": false
      }
    ]
  }

]